{"cameraMode":{"drawMode":0,"name":"Shaded","section":"Shading Mode"},"sceneLighting":false,"audioPlay":false,"sceneViewState":{"showFog":true,"showMaterialUpdate":false,"showSkybox":true,"showFlares":true,"showImageEffects":true,"showParticleSystems":true},"in2DMode":false,"pivot":{"x":9.077995300292969,"y":16.724349975585939,"z":25.123641967773439},"rotation":{"x":0.2978847622871399,"y":-0.12978947162628175,"z":0.040887653827667239,"w":0.9448700547218323},"size":124.69963073730469,"orthographic":false}