{"cameraMode":{"drawMode":0,"name":"Shaded","section":"Shading Mode"},"sceneLighting":false,"audioPlay":false,"sceneViewState":{"showFog":true,"showMaterialUpdate":false,"showSkybox":true,"showFlares":true,"showImageEffects":true,"showParticleSystems":true},"in2DMode":false,"pivot":{"x":1.1245782375335694,"y":3.9728496074676515,"z":-2.6634140014648439},"rotation":{"x":-0.32144391536712649,"y":0.05906321480870247,"z":-0.020033232867717744,"w":-0.9449164271354675},"size":9.882237434387207,"orthographic":false}