{"cameraMode":{"drawMode":0,"name":"Shaded","section":"Shading Mode"},"sceneLighting":false,"audioPlay":false,"sceneViewState":{"showFog":true,"showMaterialUpdate":false,"showSkybox":true,"showFlares":true,"showImageEffects":true,"showParticleSystems":true},"in2DMode":false,"pivot":{"x":8.87940788269043,"y":2.542123317718506,"z":1.0584945678710938},"rotation":{"x":-0.008747042156755925,"y":-0.9857797622680664,"z":0.15898385643959046,"w":-0.05447862297296524},"size":2.7247445583343508,"orthographic":false}