{"cameraMode":{"drawMode":0,"name":"Shaded","section":"Shading Mode"},"sceneLighting":false,"audioPlay":false,"sceneViewState":{"showFog":true,"showMaterialUpdate":false,"showSkybox":true,"showFlares":true,"showImageEffects":true,"showParticleSystems":true},"in2DMode":false,"pivot":{"x":-4.672194957733154,"y":2.0713393688201906,"z":-1.26903235912323},"rotation":{"x":0.12803420424461366,"y":0.5429559350013733,"z":-0.08430907875299454,"w":0.8257142901420593},"size":3.6986424922943117,"orthographic":false}