{"cameraMode":{"drawMode":0,"name":"Shaded","section":"Shading Mode"},"sceneLighting":false,"audioPlay":false,"sceneViewState":{"showFog":true,"showMaterialUpdate":false,"showSkybox":true,"showFlares":true,"showImageEffects":true,"showParticleSystems":true},"in2DMode":false,"pivot":{"x":4.648599147796631,"y":2.750732898712158,"z":-0.888373851776123},"rotation":{"x":0.004126416519284248,"y":-0.9944363236427307,"z":0.0966600775718689,"w":0.04208424314856529},"size":3.181406259536743,"orthographic":false}