{"cameraMode":{"drawMode":0,"name":"Shaded","section":"Shading Mode"},"sceneLighting":false,"audioPlay":false,"sceneViewState":{"showFog":true,"showMaterialUpdate":false,"showSkybox":true,"showFlares":true,"showImageEffects":true,"showParticleSystems":true},"in2DMode":false,"pivot":{"x":7.6385498046875,"y":-23.589683532714845,"z":45.656105041503909},"rotation":{"x":0.16655245423316956,"y":-0.7777681350708008,"z":0.23114749789237977,"w":0.560308575630188},"size":148.86685180664063,"orthographic":false}