{"cameraMode":{"drawMode":0,"name":"Shaded","section":"Shading Mode"},"sceneLighting":false,"audioPlay":false,"sceneViewState":{"showFog":true,"showMaterialUpdate":false,"showSkybox":true,"showFlares":true,"showImageEffects":true,"showParticleSystems":true},"in2DMode":false,"pivot":{"x":16.115615844726564,"y":9.219287872314454,"z":0.3652381896972656},"rotation":{"x":0.045439187437295917,"y":0.1371089518070221,"z":-0.006376954261213541,"w":0.989541232585907},"size":18.783084869384767,"orthographic":false}