{"cameraMode":{"drawMode":0,"name":"Shaded","section":"Shading Mode"},"sceneLighting":false,"audioPlay":false,"sceneViewState":{"showFog":true,"showMaterialUpdate":false,"showSkybox":true,"showFlares":true,"showImageEffects":true,"showParticleSystems":true},"in2DMode":false,"pivot":{"x":55.07558059692383,"y":-32.58393096923828,"z":17.231285095214845},"rotation":{"x":-0.21874010562896729,"y":-0.5819754004478455,"z":0.16638575494289399,"w":-0.7654258012771606},"size":41.3236198425293,"orthographic":false}