{"cameraMode":{"drawMode":0,"name":"Shaded","section":"Shading Mode"},"sceneLighting":false,"audioPlay":false,"sceneViewState":{"showFog":true,"showMaterialUpdate":false,"showSkybox":true,"showFlares":true,"showImageEffects":true,"showParticleSystems":true},"in2DMode":false,"pivot":{"x":7.613359451293945,"y":0.5040755271911621,"z":3.516347885131836},"rotation":{"x":0.08276255428791046,"y":0.8961955904960632,"z":-0.18909697234630586,"w":0.39285808801651},"size":7.435260772705078,"orthographic":false}